<?xml version="1.0" encoding="UTF-8"?>

<document repository="default" id="secondTask">
  <system>
    <type>RouteNode</type>
    <path>extended-wf/secondTask</path>
    <lifecycle-state>validated</lifecycle-state>
    <lifecycle-policy>documentRouteElement</lifecycle-policy>
    <facet>facet-var_secondTask</facet>
    <access-control/>
  </system>
  <schema xmlns:dc="http://www.nuxeo.org/ecm/schemas/dublincore/" name="dublincore">
    <dc:creator/>
    <dc:source/>
    <dc:nature/>
    <dc:contributors/>
    <dc:created/>
    <dc:description><![CDATA[label.athento-nx-extended-wf.secondthankyou]]></dc:description>
    <dc:rights/>
    <dc:subjects/>
    <dc:publisher/>
    <dc:valid/>
    <dc:format/>
    <dc:issued/>
    <dc:modified/>
    <dc:language/>
    <dc:coverage/>
    <dc:expired/>
    <dc:lastContributor/>
    <dc:title><![CDATA[label.athento-nx-extended-wf.acceptrejectsecond]]></dc:title>
  </schema>
  <schema xmlns:common="http://www.nuxeo.org/ecm/schemas/common/" name="common">
    <common:icon/>
    <common:icon-expanded/>
    <common:size/>
  </schema>
  <schema xmlns:var_secondTask="http://www.athento.com/athento-nx-extended-wf/var_secondTask" name="var_secondTask">
    <var_secondTask:assignees/>
  </schema>
  <schema xmlns:rnode="http://www.nuxeo.org/ecm/schemas/route_node/" name="route_node">
    <rnode:lastActor/>
    <rnode:canceled/>
    <rnode:taskLayout><![CDATA[secondTask@taskLayout]]></rnode:taskLayout>
    <rnode:taskButtons>
      <button>
        <name><![CDATA[reject]]></name>
        <label><![CDATA[label.athento-nx-extended-wf.reject]]></label>
        <filter/>
      </button>
      <button>
        <name><![CDATA[validate]]></name>
        <label><![CDATA[label.athento-nx-extended-wf.validate]]></label>
        <filter/>
      </button>
    </rnode:taskButtons>
    <rnode:executeOnlyFirstTransition><![CDATA[true]]></rnode:executeOnlyFirstTransition>
    <rnode:stop><![CDATA[false]]></rnode:stop>
    <rnode:button/>
    <rnode:taskDocType/>
    <rnode:start><![CDATA[false]]></rnode:start>
    <rnode:startDate/>
    <rnode:taskNotificationTemplate><![CDATA[workflowTaskAssignedExtSecond]]></rnode:taskNotificationTemplate>
    <rnode:transitions>
	  <transition>
        <chain/>
        <condition><![CDATA[(NodeVariables["button"] =="validate") and (WorkflowVariables["approveThirdEnabled"] == true)]]></condition>
        <name><![CDATA[validatesecondTask]]></name>
        <targetId><![CDATA[thirdTask]]></targetId>
        <label><![CDATA[label.athento-nx-extended-wf.validate]]></label>
      </transition>
	   <transition>
        <chain/>
        <condition><![CDATA[(NodeVariables["button"] =="validate") and (WorkflowVariables["approveFourthEnabled"] == true)]]></condition>
        <name><![CDATA[validatesecondTask]]></name>
        <targetId><![CDATA[fourthTask]]></targetId>
        <label><![CDATA[label.athento-nx-extended-wf.validate]]></label>
      </transition>
	  <transition>
        <chain/>
        <condition><![CDATA[(NodeVariables["button"] =="validate") and (WorkflowVariables["approveFifthEnabled"] == true)]]></condition>
        <name><![CDATA[validateasecondTask]]></name>
        <targetId><![CDATA[last-evaluation]]></targetId>
        <label><![CDATA[label.athento-nx-extended-wf.validate]]></label>
      </transition>
      <transition>
        <chain/>
        <condition><![CDATA[NodeVariables["button"] =="reject"]]></condition>
        <name><![CDATA[rejectsecondTask]]></name>
        <targetId><![CDATA[stop-node]]></targetId>
        <label><![CDATA[label.athento-nx-extended-wf.reject]]></label>
      </transition>
    </rnode:transitions>
    <rnode:nodeId><![CDATA[secondTask]]></rnode:nodeId>
    <rnode:hasMultipleTasks><![CDATA[false]]></rnode:hasMultipleTasks>
    <rnode:outputChain/>
    <rnode:merge/>
    <rnode:subRouteVariables/>
    <rnode:taskAssignees/>
    <rnode:taskAssigneesExpr><![CDATA[WorkflowVariables["secondLevel"]]]></rnode:taskAssigneesExpr>
    <rnode:taskY><![CDATA[280]]></rnode:taskY>
    <rnode:count/>
    <rnode:taskX><![CDATA[400]]></rnode:taskX>
    <rnode:taskAssigneesPermission/>
    <rnode:subRouteInstanceId/>
    <rnode:taskDueDateExpr/>
    <rnode:variablesFacet><![CDATA[facet-var_secondTask]]></rnode:variablesFacet>
    <rnode:tasksInfo/>
    <rnode:endDate/>
    <rnode:allowTaskReassignment><![CDATA[false]]></rnode:allowTaskReassignment>
    <rnode:taskDueDate/>
    <rnode:inputChain/>
    <rnode:taskDescription/>
    <rnode:hasTask><![CDATA[true]]></rnode:hasTask>
    <rnode:taskDirective><![CDATA[Validation]]></rnode:taskDirective>
    <rnode:subRouteModelExpr/>
    <rnode:escalationRules/>
  </schema>
</document>
